Filename,Touches
app/src/androidTest/java/com/edcompanies/sharingapp/ExampleInstrumentedTest.java,1
app/src/main/java/com/edcompanies/sharingapp/AddItemActivity.java,1
app/src/main/java/com/edcompanies/sharingapp/AllItemsFragment.java,1
app/src/main/java/com/edcompanies/sharingapp/AvailableItemsFragment.java,1
app/src/main/java/com/edcompanies/sharingapp/BorrowedItemsFragment.java,1
app/src/main/java/com/edcompanies/sharingapp/Dimensions.java,1
app/src/main/java/com/edcompanies/sharingapp/EditItemActivity.java,1
app/src/main/java/com/edcompanies/sharingapp/Item.java,1
app/src/main/java/com/edcompanies/sharingapp/ItemAdapter.java,1
app/src/main/java/com/edcompanies/sharingapp/ItemList.java,1
app/src/main/java/com/edcompanies/sharingapp/ItemsFragment.java,1
app/src/main/java/com/edcompanies/sharingapp/MainActivity.java,1
app/src/main/java/com/edcompanies/sharingapp/SectionsPagerAdapter.java,1
app/src/test/java/com/edcompanies/sharingapp/ExampleUnitTest.java,1
