Filename,Author,Date
gitconnect/GitWrapper.py,Agaba-Ed,2023-03-30T09:09:18Z
setup.py,Agaba-Ed,2023-03-30T09:09:18Z
gitconnect/tests/test_gitwrapper.py,Agaba-Ed,2023-03-30T09:09:18Z
gitconnect/GitWrapper.py,Agaba-Ed,2023-03-30T09:09:18Z
gitconnect/tests/test_gitwrapper.py,Agaba-Ed,2023-03-30T09:09:18Z
setup.py,Agaba-Ed,2023-03-30T09:09:18Z
gitconnect/tests/test_gitwrapper.py,Agaba-Ed,2023-03-30T09:09:18Z
gitconnect/GitWrapper.py,Agaba-Ed,2023-03-30T09:09:18Z
build/lib/gitconnect/__init__.py,Agaba-Ed,2023-03-30T09:09:18Z
build/lib/gitconnect/GithubAPI.py,Agaba-Ed,2023-03-30T09:09:18Z
build/lib/gitconnect/__init__.py,Agaba-Ed,2023-03-30T09:09:18Z
setup.py,Agaba-Ed,2023-03-30T09:09:18Z
setup.py,Agaba-Ed,2023-03-30T09:09:18Z
gitconnect/__init__.py,Agaba-Ed,2023-03-30T09:09:18Z
gitconnect/GitWrapper.py,Agaba-Ed,2023-03-30T09:09:18Z
gitconnect/GitWrapper.py,Agaba-Ed,2023-03-30T09:09:18Z
build/lib/gitconnect/GithubAPI.py,Agaba-Ed,2023-03-30T09:09:18Z
build/lib/gitconnect/__init__.py,Agaba-Ed,2023-03-30T09:09:18Z
setup.py,Agaba-Ed,2023-03-30T09:09:18Z
